{
    "authors": {
        "name": "chag",
        "url": "https://os.mbed.com/users/chag/"
    },
    "description": "ALPHA WORK IN PROGRESS. DO NOT USE IN PRODUCTION CODE. based on:\\\\ IAR Application Note G - 001 Generic Software UART\\\\ mbed/trunk/Serial.h\\\\ the venerable Andy Kirkham's MAX3100\\\\",
    "examples": [
        "https://os.mbed.com/users/chag/code/SoftwareUART/"
    ],
    "frameworks": "mbed",
    "keywords": [
        "Serial",
        "SoftwareSerial",
        "UART"
    ],
    "name": "SoftwareSerial",
    "platforms": "*",
    "repository": {
        "type": "hg",
        "url": "https://os.mbed.com/users/chag/code/SoftwareSerial/"
    }
}