{
    "authors": [
        {
            "email": null, 
            "url": "https://os.mbed.com/users/chag/", 
            "maintainer": false, 
            "name": "chag"
        }
    ], 
    "description": "ALPHA WORK IN PROGRESS. DO NOT USE IN PRODUCTION CODE. based on:\\\\ IAR Application Note G - 001 Generic Software UART\\\\ mbed/trunk/Serial.h\\\\ the venerable Andy Kirkham's MAX3100\\\\", 
    "examples": [
        "https://os.mbed.com/users/chag/code/SoftwareUART/"
    ], 
    "frameworks": [
        "mbed"
    ], 
    "keywords": [
        "serial", 
        "softwareserial", 
        "uart"
    ], 
    "name": "SoftwareSerial", 
    "platforms": [
        "atmelsam", 
        "freescalekinetis", 
        "maxim32", 
        "nordicnrf51", 
        "nordicnrf52", 
        "nxplpc", 
        "siliconlabsefm32", 
        "ststm32", 
        "teensy", 
        "wiznet7500"
    ], 
    "repository": {
        "type": "hg", 
        "url": "https://os.mbed.com/users/chag/code/SoftwareSerial/"
    }, 
    "version": "25b087be29", 
    "id": 2728
}